{
"lengthUnit": "mil",
"components": {
	"fields": ["COMPONENT_NO", "COMPONENT_NAME", "LAYER", "X_COORDINATE", "Y_COORDINATE", "ANGLE"],
	"rows": [
		[1, "C4", "T", 540, 1365, 0],
		[2, "J1", "T", 1665, 1205, 0],
		[3, "J2", "T", 2550, 1145, 0],
		[4, "R1", "T", 1410, 2220, 0],
		[5, "R2", "T", 2040, 2230, 0],
		[6, "R3", "T", 2620, 2235, 0],
		[7, "R4", "T", 3220, 2225, 0],
		[8, "U1", "T", 700, 1850, 0],
		[9, "U2", "T", 1700, 1850, 0],
		[10, "U3", "T", 2700, 1850, 0],
		[11, "U4", "T", 3700, 1855, 0],
		[12, "U5", "T", 1435, 2880, 0],
		[13, "U6", "T", 2000, 2880, 0],
		[14, "U7", "T", 2565, 2880, 0],
		[15, "U8", "T", 3125, 2880, 0]
	]
},
"pins": {
	"fields": ["PIN_NO", "PIN_NAME", "PIN_X", "PIN_Y", "LAYER", "PIN_TYPE", "NET_NAME", "NET_TYPE", "PAD_SHAPE", "PAD_SIZEX", "PAD_SIZEY", "HOLE_SIZE", "PAD_ANGLE"],
	"rows": [
		[1, "C4_1", 490, 1365, "T", "DIP", "$1N1", "", "C", 60, 60, 36, 0],
		[2, "C4_1", 490, 1365, "B", "DIP", "$1N1", "", "C", 60, 60, 36, 0],
		[3, "C4_2", 590, 1365, "T", "DIP", "$1N2", "", "C", 60, 60, 36, 0],
		[4, "C4_2", 590, 1365, "B", "DIP", "$1N2", "", "C", 60, 60, 36, 0],
		[5, "J1_1", 1515, 1205, "T", "DIP", "$1N2", "", "R", 62, 62, 35, 0],
		[6, "J1_1", 1515, 1205, "B", "DIP", "$1N2", "", "R", 62, 62, 35, 0],
		[7, "J1_2", 1615, 1205, "T", "DIP", "$1N42", "", "C", 62, 62, 35, 0],
		[8, "J1_2", 1615, 1205, "B", "DIP", "$1N42", "", "C", 62, 62, 35, 0],
		[9, "J1_3", 1715, 1205, "T", "DIP", "$1N14", "", "C", 62, 62, 35, 0],
		[10, "J1_3", 1715, 1205, "B", "DIP", "$1N14", "", "C", 62, 62, 35, 0],
		[11, "J1_4", 1815, 1205, "T", "DIP", "$1N15", "", "C", 62, 62, 35, 0],
		[12, "J1_4", 1815, 1205, "B", "DIP", "$1N15", "", "C", 62, 62, 35, 0],
		[13, "J2_1", 2500, 1145, "T", "DIP", "$1N1", "", "R", 66.93, 62, 43.31, 0],
		[14, "J2_1", 2500, 1145, "B", "DIP", "$1N1", "", "R", 66.93, 62, 43.31, 0],
		[15, "J2_2", 2600, 1145, "T", "DIP", "$1N2", "", "C", 66.93, 66.93, 43.31, 0],
		[16, "J2_2", 2600, 1145, "B", "DIP", "$1N2", "", "C", 66.93, 66.93, 43.31, 0],
		[17, "R1_1", 1210, 2220, "T", "DIP", "$1N3", "", "C", 74, 74, 35.4, 0],
		[18, "R1_1", 1210, 2220, "B", "DIP", "$1N3", "", "C", 74, 74, 35.4, 0],
		[19, "R1_2", 1610, 2220, "T", "DIP", "$1N2", "", "C", 74, 74, 35.4, 0],
		[20, "R1_2", 1610, 2220, "B", "DIP", "$1N2", "", "C", 74, 74, 35.4, 0],
		[21, "R2_1", 1840, 2230, "T", "DIP", "$1N4", "", "C", 74, 74, 35.4, 0],
		[22, "R2_1", 1840, 2230, "B", "DIP", "$1N4", "", "C", 74, 74, 35.4, 0],
		[23, "R2_2", 2240, 2230, "T", "DIP", "$1N2", "", "C", 74, 74, 35.4, 0],
		[24, "R2_2", 2240, 2230, "B", "DIP", "$1N2", "", "C", 74, 74, 35.4, 0],
		[25, "R3_1", 2420, 2235, "T", "DIP", "$1N5", "", "C", 74, 74, 35.4, 0],
		[26, "R3_1", 2420, 2235, "B", "DIP", "$1N5", "", "C", 74, 74, 35.4, 0],
		[27, "R3_2", 2820, 2235, "T", "DIP", "$1N2", "", "C", 74, 74, 35.4, 0],
		[28, "R3_2", 2820, 2235, "B", "DIP", "$1N2", "", "C", 74, 74, 35.4, 0],
		[29, "R4_1", 3020, 2225, "T", "DIP", "$1N6", "", "C", 74, 74, 35.4, 0],
		[30, "R4_1", 3020, 2225, "B", "DIP", "$1N6", "", "C", 74, 74, 35.4, 0],
		[31, "R4_2", 3420, 2225, "T", "DIP", "$1N2", "", "C", 74, 74, 35.4, 0],
		[32, "R4_2", 3420, 2225, "B", "DIP", "$1N2", "", "C", 74, 74, 35.4, 0],
		[33, "U1_1", 350, 1700, "T", "DIP", "$1N22", "", "R", 62.99, 62.99, 39.37, 90],
		[34, "U1_1", 350, 1700, "B", "DIP", "$1N22", "", "R", 62.99, 62.99, 39.37, 90],
		[35, "U1_2", 450, 1700, "T", "DIP", "$1N23", "", "C", 62.99, 62.99, 39.37, 90],
		[36, "U1_2", 450, 1700, "B", "DIP", "$1N23", "", "C", 62.99, 62.99, 39.37, 90],
		[37, "U1_3", 550, 1700, "T", "DIP", "$1N24", "", "C", 62.99, 62.99, 39.37, 90],
		[38, "U1_3", 550, 1700, "B", "DIP", "$1N24", "", "C", 62.99, 62.99, 39.37, 90],
		[39, "U1_4", 650, 1700, "T", "DIP", "$1N25", "", "C", 62.99, 62.99, 39.37, 90],
		[40, "U1_4", 650, 1700, "B", "DIP", "$1N25", "", "C", 62.99, 62.99, 39.37, 90],
		[41, "U1_5", 750, 1700, "T", "DIP", "$1N26", "", "C", 62.99, 62.99, 39.37, 90],
		[42, "U1_5", 750, 1700, "B", "DIP", "$1N26", "", "C", 62.99, 62.99, 39.37, 90],
		[43, "U1_6", 850, 1700, "T", "DIP", "$1N27", "", "C", 62.99, 62.99, 39.37, 90],
		[44, "U1_6", 850, 1700, "B", "DIP", "$1N27", "", "C", 62.99, 62.99, 39.37, 90],
		[45, "U1_7", 950, 1700, "T", "DIP", "$1N28", "", "C", 62.99, 62.99, 39.37, 90],
		[46, "U1_7", 950, 1700, "B", "DIP", "$1N28", "", "C", 62.99, 62.99, 39.37, 90],
		[47, "U1_8", 1050, 1700, "T", "DIP", "$1N2", "", "C", 62.99, 62.99, 39.37, 90],
		[48, "U1_8", 1050, 1700, "B", "DIP", "$1N2", "", "C", 62.99, 62.99, 39.37, 90],
		[49, "U1_9", 1050, 2000, "T", "DIP", "U1_9", "", "C", 62.99, 62.99, 39.37, 90],
		[50, "U1_9", 1050, 2000, "B", "DIP", "U1_9", "", "C", 62.99, 62.99, 39.37, 90],
		[51, "U1_10", 950, 2000, "T", "DIP", "$1N1", "", "C", 62.99, 62.99, 39.37, 90],
		[52, "U1_10", 950, 2000, "B", "DIP", "$1N1", "", "C", 62.99, 62.99, 39.37, 90],
		[53, "U1_11", 850, 2000, "T", "DIP", "$1N14", "", "C", 62.99, 62.99, 39.37, 90],
		[54, "U1_11", 850, 2000, "B", "DIP", "$1N14", "", "C", 62.99, 62.99, 39.37, 90],
		[55, "U1_12", 750, 2000, "T", "DIP", "$1N15", "", "C", 62.99, 62.99, 39.37, 90],
		[56, "U1_12", 750, 2000, "B", "DIP", "$1N15", "", "C", 62.99, 62.99, 39.37, 90],
		[57, "U1_13", 650, 2000, "T", "DIP", "$1N2", "", "C", 62.99, 62.99, 39.37, 90],
		[58, "U1_13", 650, 2000, "B", "DIP", "$1N2", "", "C", 62.99, 62.99, 39.37, 90],
		[59, "U1_14", 550, 2000, "T", "DIP", "$1N13", "", "C", 62.99, 62.99, 39.37, 90],
		[60, "U1_14", 550, 2000, "B", "DIP", "$1N13", "", "C", 62.99, 62.99, 39.37, 90],
		[61, "U1_15", 450, 2000, "T", "DIP", "$1N18", "", "C", 62.99, 62.99, 39.37, 90],
		[62, "U1_15", 450, 2000, "B", "DIP", "$1N18", "", "C", 62.99, 62.99, 39.37, 90],
		[63, "U1_16", 350, 2000, "T", "DIP", "$1N1", "", "C", 62.99, 62.99, 39.37, 90],
		[64, "U1_16", 350, 2000, "B", "DIP", "$1N1", "", "C", 62.99, 62.99, 39.37, 90],
		[65, "U2_1", 1350, 1700, "T", "DIP", "$1N29", "", "R", 62.99, 62.99, 39.37, 90],
		[66, "U2_1", 1350, 1700, "B", "DIP", "$1N29", "", "R", 62.99, 62.99, 39.37, 90],
		[67, "U2_2", 1450, 1700, "T", "DIP", "$1N30", "", "C", 62.99, 62.99, 39.37, 90],
		[68, "U2_2", 1450, 1700, "B", "DIP", "$1N30", "", "C", 62.99, 62.99, 39.37, 90],
		[69, "U2_3", 1550, 1700, "T", "DIP", "$1N31", "", "C", 62.99, 62.99, 39.37, 90],
		[70, "U2_3", 1550, 1700, "B", "DIP", "$1N31", "", "C", 62.99, 62.99, 39.37, 90],
		[71, "U2_4", 1650, 1700, "T", "DIP", "$1N32", "", "C", 62.99, 62.99, 39.37, 90],
		[72, "U2_4", 1650, 1700, "B", "DIP", "$1N32", "", "C", 62.99, 62.99, 39.37, 90],
		[73, "U2_5", 1750, 1700, "T", "DIP", "$1N50", "", "C", 62.99, 62.99, 39.37, 90],
		[74, "U2_5", 1750, 1700, "B", "DIP", "$1N50", "", "C", 62.99, 62.99, 39.37, 90],
		[75, "U2_6", 1850, 1700, "T", "DIP", "$1N33", "", "C", 62.99, 62.99, 39.37, 90],
		[76, "U2_6", 1850, 1700, "B", "DIP", "$1N33", "", "C", 62.99, 62.99, 39.37, 90],
		[77, "U2_7", 1950, 1700, "T", "DIP", "$1N34", "", "C", 62.99, 62.99, 39.37, 90],
		[78, "U2_7", 1950, 1700, "B", "DIP", "$1N34", "", "C", 62.99, 62.99, 39.37, 90],
		[79, "U2_8", 2050, 1700, "T", "DIP", "$1N2", "", "C", 62.99, 62.99, 39.37, 90],
		[80, "U2_8", 2050, 1700, "B", "DIP", "$1N2", "", "C", 62.99, 62.99, 39.37, 90],
		[81, "U2_9", 2050, 2000, "T", "DIP", "$1N13", "", "C", 62.99, 62.99, 39.37, 90],
		[82, "U2_9", 2050, 2000, "B", "DIP", "$1N13", "", "C", 62.99, 62.99, 39.37, 90],
		[83, "U2_10", 1950, 2000, "T", "DIP", "$1N1", "", "C", 62.99, 62.99, 39.37, 90],
		[84, "U2_10", 1950, 2000, "B", "DIP", "$1N1", "", "C", 62.99, 62.99, 39.37, 90],
		[85, "U2_11", 1850, 2000, "T", "DIP", "$1N14", "", "C", 62.99, 62.99, 39.37, 90],
		[86, "U2_11", 1850, 2000, "B", "DIP", "$1N14", "", "C", 62.99, 62.99, 39.37, 90],
		[87, "U2_12", 1750, 2000, "T", "DIP", "$1N15", "", "C", 62.99, 62.99, 39.37, 90],
		[88, "U2_12", 1750, 2000, "B", "DIP", "$1N15", "", "C", 62.99, 62.99, 39.37, 90],
		[89, "U2_13", 1650, 2000, "T", "DIP", "$1N2", "", "C", 62.99, 62.99, 39.37, 90],
		[90, "U2_13", 1650, 2000, "B", "DIP", "$1N2", "", "C", 62.99, 62.99, 39.37, 90],
		[91, "U2_14", 1550, 2000, "T", "DIP", "$1N12", "", "C", 62.99, 62.99, 39.37, 90],
		[92, "U2_14", 1550, 2000, "B", "DIP", "$1N12", "", "C", 62.99, 62.99, 39.37, 90],
		[93, "U2_15", 1450, 2000, "T", "DIP", "$1N19", "", "C", 62.99, 62.99, 39.37, 90],
		[94, "U2_15", 1450, 2000, "B", "DIP", "$1N19", "", "C", 62.99, 62.99, 39.37, 90],
		[95, "U2_16", 1350, 2000, "T", "DIP", "$1N1", "", "C", 62.99, 62.99, 39.37, 90],
		[96, "U2_16", 1350, 2000, "B", "DIP", "$1N1", "", "C", 62.99, 62.99, 39.37, 90],
		[97, "U3_1", 2350, 1700, "T", "DIP", "$1N35", "", "R", 62.99, 62.99, 39.37, 90],
		[98, "U3_1", 2350, 1700, "B", "DIP", "$1N35", "", "R", 62.99, 62.99, 39.37, 90],
		[99, "U3_2", 2450, 1700, "T", "DIP", "$1N36", "", "C", 62.99, 62.99, 39.37, 90],
		[100, "U3_2", 2450, 1700, "B", "DIP", "$1N36", "", "C", 62.99, 62.99, 39.37, 90],
		[101, "U3_3", 2550, 1700, "T", "DIP", "$1N37", "", "C", 62.99, 62.99, 39.37, 90],
		[102, "U3_3", 2550, 1700, "B", "DIP", "$1N37", "", "C", 62.99, 62.99, 39.37, 90],
		[103, "U3_4", 2650, 1700, "T", "DIP", "$1N38", "", "C", 62.99, 62.99, 39.37, 90],
		[104, "U3_4", 2650, 1700, "B", "DIP", "$1N38", "", "C", 62.99, 62.99, 39.37, 90],
		[105, "U3_5", 2750, 1700, "T", "DIP", "$1N39", "", "C", 62.99, 62.99, 39.37, 90],
		[106, "U3_5", 2750, 1700, "B", "DIP", "$1N39", "", "C", 62.99, 62.99, 39.37, 90],
		[107, "U3_6", 2850, 1700, "T", "DIP", "$1N40", "", "C", 62.99, 62.99, 39.37, 90],
		[108, "U3_6", 2850, 1700, "B", "DIP", "$1N40", "", "C", 62.99, 62.99, 39.37, 90],
		[109, "U3_7", 2950, 1700, "T", "DIP", "$1N41", "", "C", 62.99, 62.99, 39.37, 90],
		[110, "U3_7", 2950, 1700, "B", "DIP", "$1N41", "", "C", 62.99, 62.99, 39.37, 90],
		[111, "U3_8", 3050, 1700, "T", "DIP", "$1N2", "", "C", 62.99, 62.99, 39.37, 90],
		[112, "U3_8", 3050, 1700, "B", "DIP", "$1N2", "", "C", 62.99, 62.99, 39.37, 90],
		[113, "U3_9", 3050, 2000, "T", "DIP", "$1N12", "", "C", 62.99, 62.99, 39.37, 90],
		[114, "U3_9", 3050, 2000, "B", "DIP", "$1N12", "", "C", 62.99, 62.99, 39.37, 90],
		[115, "U3_10", 2950, 2000, "T", "DIP", "$1N1", "", "C", 62.99, 62.99, 39.37, 90],
		[116, "U3_10", 2950, 2000, "B", "DIP", "$1N1", "", "C", 62.99, 62.99, 39.37, 90],
		[117, "U3_11", 2850, 2000, "T", "DIP", "$1N14", "", "C", 62.99, 62.99, 39.37, 90],
		[118, "U3_11", 2850, 2000, "B", "DIP", "$1N14", "", "C", 62.99, 62.99, 39.37, 90],
		[119, "U3_12", 2750, 2000, "T", "DIP", "$1N15", "", "C", 62.99, 62.99, 39.37, 90],
		[120, "U3_12", 2750, 2000, "B", "DIP", "$1N15", "", "C", 62.99, 62.99, 39.37, 90],
		[121, "U3_13", 2650, 2000, "T", "DIP", "$1N2", "", "C", 62.99, 62.99, 39.37, 90],
		[122, "U3_13", 2650, 2000, "B", "DIP", "$1N2", "", "C", 62.99, 62.99, 39.37, 90],
		[123, "U3_14", 2550, 2000, "T", "DIP", "$1N11", "", "C", 62.99, 62.99, 39.37, 90],
		[124, "U3_14", 2550, 2000, "B", "DIP", "$1N11", "", "C", 62.99, 62.99, 39.37, 90],
		[125, "U3_15", 2450, 2000, "T", "DIP", "$1N20", "", "C", 62.99, 62.99, 39.37, 90],
		[126, "U3_15", 2450, 2000, "B", "DIP", "$1N20", "", "C", 62.99, 62.99, 39.37, 90],
		[127, "U3_16", 2350, 2000, "T", "DIP", "$1N1", "", "C", 62.99, 62.99, 39.37, 90],
		[128, "U3_16", 2350, 2000, "B", "DIP", "$1N1", "", "C", 62.99, 62.99, 39.37, 90],
		[129, "U4_1", 3350, 1705, "T", "DIP", "$1N43", "", "R", 62.99, 62.99, 39.37, 90],
		[130, "U4_1", 3350, 1705, "B", "DIP", "$1N43", "", "R", 62.99, 62.99, 39.37, 90],
		[131, "U4_2", 3450, 1705, "T", "DIP", "$1N44", "", "C", 62.99, 62.99, 39.37, 90],
		[132, "U4_2", 3450, 1705, "B", "DIP", "$1N44", "", "C", 62.99, 62.99, 39.37, 90],
		[133, "U4_3", 3550, 1705, "T", "DIP", "$1N45", "", "C", 62.99, 62.99, 39.37, 90],
		[134, "U4_3", 3550, 1705, "B", "DIP", "$1N45", "", "C", 62.99, 62.99, 39.37, 90],
		[135, "U4_4", 3650, 1705, "T", "DIP", "$1N46", "", "C", 62.99, 62.99, 39.37, 90],
		[136, "U4_4", 3650, 1705, "B", "DIP", "$1N46", "", "C", 62.99, 62.99, 39.37, 90],
		[137, "U4_5", 3750, 1705, "T", "DIP", "$1N47", "", "C", 62.99, 62.99, 39.37, 90],
		[138, "U4_5", 3750, 1705, "B", "DIP", "$1N47", "", "C", 62.99, 62.99, 39.37, 90],
		[139, "U4_6", 3850, 1705, "T", "DIP", "$1N48", "", "C", 62.99, 62.99, 39.37, 90],
		[140, "U4_6", 3850, 1705, "B", "DIP", "$1N48", "", "C", 62.99, 62.99, 39.37, 90],
		[141, "U4_7", 3950, 1705, "T", "DIP", "$1N49", "", "C", 62.99, 62.99, 39.37, 90],
		[142, "U4_7", 3950, 1705, "B", "DIP", "$1N49", "", "C", 62.99, 62.99, 39.37, 90],
		[143, "U4_8", 4050, 1705, "T", "DIP", "$1N2", "", "C", 62.99, 62.99, 39.37, 90],
		[144, "U4_8", 4050, 1705, "B", "DIP", "$1N2", "", "C", 62.99, 62.99, 39.37, 90],
		[145, "U4_9", 4050, 2005, "T", "DIP", "$1N11", "", "C", 62.99, 62.99, 39.37, 90],
		[146, "U4_9", 4050, 2005, "B", "DIP", "$1N11", "", "C", 62.99, 62.99, 39.37, 90],
		[147, "U4_10", 3950, 2005, "T", "DIP", "$1N1", "", "C", 62.99, 62.99, 39.37, 90],
		[148, "U4_10", 3950, 2005, "B", "DIP", "$1N1", "", "C", 62.99, 62.99, 39.37, 90],
		[149, "U4_11", 3850, 2005, "T", "DIP", "$1N14", "", "C", 62.99, 62.99, 39.37, 90],
		[150, "U4_11", 3850, 2005, "B", "DIP", "$1N14", "", "C", 62.99, 62.99, 39.37, 90],
		[151, "U4_12", 3750, 2005, "T", "DIP", "$1N15", "", "C", 62.99, 62.99, 39.37, 90],
		[152, "U4_12", 3750, 2005, "B", "DIP", "$1N15", "", "C", 62.99, 62.99, 39.37, 90],
		[153, "U4_13", 3650, 2005, "T", "DIP", "$1N2", "", "C", 62.99, 62.99, 39.37, 90],
		[154, "U4_13", 3650, 2005, "B", "DIP", "$1N2", "", "C", 62.99, 62.99, 39.37, 90],
		[155, "U4_14", 3550, 2005, "T", "DIP", "$1N42", "", "C", 62.99, 62.99, 39.37, 90],
		[156, "U4_14", 3550, 2005, "B", "DIP", "$1N42", "", "C", 62.99, 62.99, 39.37, 90],
		[157, "U4_15", 3450, 2005, "T", "DIP", "$1N21", "", "C", 62.99, 62.99, 39.37, 90],
		[158, "U4_15", 3450, 2005, "B", "DIP", "$1N21", "", "C", 62.99, 62.99, 39.37, 90],
		[159, "U4_16", 3350, 2005, "T", "DIP", "$1N1", "", "C", 62.99, 62.99, 39.37, 90],
		[160, "U4_16", 3350, 2005, "B", "DIP", "$1N1", "", "C", 62.99, 62.99, 39.37, 90],
		[161, "U5_1", 1235, 2580, "T", "DIP", "$1N25", "", "C", 74, 74, 25.6, 0],
		[162, "U5_1", 1235, 2580, "B", "DIP", "$1N25", "", "C", 74, 74, 25.6, 0],
		[163, "U5_2", 1335, 2580, "T", "DIP", "$1N24", "", "C", 74, 74, 25.6, 0],
		[164, "U5_2", 1335, 2580, "B", "DIP", "$1N24", "", "C", 74, 74, 25.6, 0],
		[165, "U5_3", 1435, 2580, "T", "DIP", "$1N3", "", "C", 74, 74, 25.6, 0],
		[166, "U5_3", 1435, 2580, "B", "DIP", "$1N3", "", "C", 74, 74, 25.6, 0],
		[167, "U5_4", 1535, 2580, "T", "DIP", "$1N23", "", "C", 74, 74, 25.6, 0],
		[168, "U5_4", 1535, 2580, "B", "DIP", "$1N23", "", "C", 74, 74, 25.6, 0],
		[169, "U5_5", 1635, 2580, "T", "DIP", "$1N28", "", "C", 74, 74, 25.6, 0],
		[170, "U5_5", 1635, 2580, "B", "DIP", "$1N28", "", "C", 74, 74, 25.6, 0],
		[171, "U5_6", 1635, 3180, "T", "DIP", "$1N22", "", "C", 74, 74, 25.6, 0],
		[172, "U5_6", 1635, 3180, "B", "DIP", "$1N22", "", "C", 74, 74, 25.6, 0],
		[173, "U5_7", 1535, 3180, "T", "DIP", "$1N18", "", "C", 74, 74, 25.6, 0],
		[174, "U5_7", 1535, 3180, "B", "DIP", "$1N18", "", "C", 74, 74, 25.6, 0],
		[175, "U5_8", 1435, 3180, "T", "DIP", "$1N3", "", "C", 74, 74, 25.6, 0],
		[176, "U5_8", 1435, 3180, "B", "DIP", "$1N3", "", "C", 74, 74, 25.6, 0],
		[177, "U5_9", 1335, 3180, "T", "DIP", "$1N26", "", "C", 74, 74, 25.6, 0],
		[178, "U5_9", 1335, 3180, "B", "DIP", "$1N26", "", "C", 74, 74, 25.6, 0],
		[179, "U5_10", 1235, 3180, "T", "DIP", "$1N27", "", "C", 74, 74, 25.6, 0],
		[180, "U5_10", 1235, 3180, "B", "DIP", "$1N27", "", "C", 74, 74, 25.6, 0],
		[181, "U6_1", 1800, 2580, "T", "DIP", "$1N32", "", "C", 74, 74, 25.6, 0],
		[182, "U6_1", 1800, 2580, "B", "DIP", "$1N32", "", "C", 74, 74, 25.6, 0],
		[183, "U6_2", 1900, 2580, "T", "DIP", "$1N31", "", "C", 74, 74, 25.6, 0],
		[184, "U6_2", 1900, 2580, "B", "DIP", "$1N31", "", "C", 74, 74, 25.6, 0],
		[185, "U6_3", 2000, 2580, "T", "DIP", "$1N4", "", "C", 74, 74, 25.6, 0],
		[186, "U6_3", 2000, 2580, "B", "DIP", "$1N4", "", "C", 74, 74, 25.6, 0],
		[187, "U6_4", 2100, 2580, "T", "DIP", "$1N30", "", "C", 74, 74, 25.6, 0],
		[188, "U6_4", 2100, 2580, "B", "DIP", "$1N30", "", "C", 74, 74, 25.6, 0],
		[189, "U6_5", 2200, 2580, "T", "DIP", "$1N34", "", "C", 74, 74, 25.6, 0],
		[190, "U6_5", 2200, 2580, "B", "DIP", "$1N34", "", "C", 74, 74, 25.6, 0],
		[191, "U6_6", 2200, 3180, "T", "DIP", "$1N29", "", "C", 74, 74, 25.6, 0],
		[192, "U6_6", 2200, 3180, "B", "DIP", "$1N29", "", "C", 74, 74, 25.6, 0],
		[193, "U6_7", 2100, 3180, "T", "DIP", "$1N19", "", "C", 74, 74, 25.6, 0],
		[194, "U6_7", 2100, 3180, "B", "DIP", "$1N19", "", "C", 74, 74, 25.6, 0],
		[195, "U6_8", 2000, 3180, "T", "DIP", "$1N4", "", "C", 74, 74, 25.6, 0],
		[196, "U6_8", 2000, 3180, "B", "DIP", "$1N4", "", "C", 74, 74, 25.6, 0],
		[197, "U6_9", 1900, 3180, "T", "DIP", "$1N50", "", "C", 74, 74, 25.6, 0],
		[198, "U6_9", 1900, 3180, "B", "DIP", "$1N50", "", "C", 74, 74, 25.6, 0],
		[199, "U6_10", 1800, 3180, "T", "DIP", "$1N33", "", "C", 74, 74, 25.6, 0],
		[200, "U6_10", 1800, 3180, "B", "DIP", "$1N33", "", "C", 74, 74, 25.6, 0],
		[201, "U7_1", 2365, 2580, "T", "DIP", "$1N38", "", "C", 74, 74, 25.6, 0],
		[202, "U7_1", 2365, 2580, "B", "DIP", "$1N38", "", "C", 74, 74, 25.6, 0],
		[203, "U7_2", 2465, 2580, "T", "DIP", "$1N37", "", "C", 74, 74, 25.6, 0],
		[204, "U7_2", 2465, 2580, "B", "DIP", "$1N37", "", "C", 74, 74, 25.6, 0],
		[205, "U7_3", 2565, 2580, "T", "DIP", "$1N5", "", "C", 74, 74, 25.6, 0],
		[206, "U7_3", 2565, 2580, "B", "DIP", "$1N5", "", "C", 74, 74, 25.6, 0],
		[207, "U7_4", 2665, 2580, "T", "DIP", "$1N36", "", "C", 74, 74, 25.6, 0],
		[208, "U7_4", 2665, 2580, "B", "DIP", "$1N36", "", "C", 74, 74, 25.6, 0],
		[209, "U7_5", 2765, 2580, "T", "DIP", "$1N41", "", "C", 74, 74, 25.6, 0],
		[210, "U7_5", 2765, 2580, "B", "DIP", "$1N41", "", "C", 74, 74, 25.6, 0],
		[211, "U7_6", 2765, 3180, "T", "DIP", "$1N35", "", "C", 74, 74, 25.6, 0],
		[212, "U7_6", 2765, 3180, "B", "DIP", "$1N35", "", "C", 74, 74, 25.6, 0],
		[213, "U7_7", 2665, 3180, "T", "DIP", "$1N20", "", "C", 74, 74, 25.6, 0],
		[214, "U7_7", 2665, 3180, "B", "DIP", "$1N20", "", "C", 74, 74, 25.6, 0],
		[215, "U7_8", 2565, 3180, "T", "DIP", "$1N5", "", "C", 74, 74, 25.6, 0],
		[216, "U7_8", 2565, 3180, "B", "DIP", "$1N5", "", "C", 74, 74, 25.6, 0],
		[217, "U7_9", 2465, 3180, "T", "DIP", "$1N39", "", "C", 74, 74, 25.6, 0],
		[218, "U7_9", 2465, 3180, "B", "DIP", "$1N39", "", "C", 74, 74, 25.6, 0],
		[219, "U7_10", 2365, 3180, "T", "DIP", "$1N40", "", "C", 74, 74, 25.6, 0],
		[220, "U7_10", 2365, 3180, "B", "DIP", "$1N40", "", "C", 74, 74, 25.6, 0],
		[221, "U8_1", 2925, 2580, "T", "DIP", "$1N46", "", "C", 74, 74, 25.6, 0],
		[222, "U8_1", 2925, 2580, "B", "DIP", "$1N46", "", "C", 74, 74, 25.6, 0],
		[223, "U8_2", 3025, 2580, "T", "DIP", "$1N45", "", "C", 74, 74, 25.6, 0],
		[224, "U8_2", 3025, 2580, "B", "DIP", "$1N45", "", "C", 74, 74, 25.6, 0],
		[225, "U8_3", 3125, 2580, "T", "DIP", "$1N6", "", "C", 74, 74, 25.6, 0],
		[226, "U8_3", 3125, 2580, "B", "DIP", "$1N6", "", "C", 74, 74, 25.6, 0],
		[227, "U8_4", 3225, 2580, "T", "DIP", "$1N44", "", "C", 74, 74, 25.6, 0],
		[228, "U8_4", 3225, 2580, "B", "DIP", "$1N44", "", "C", 74, 74, 25.6, 0],
		[229, "U8_5", 3325, 2580, "T", "DIP", "$1N49", "", "C", 74, 74, 25.6, 0],
		[230, "U8_5", 3325, 2580, "B", "DIP", "$1N49", "", "C", 74, 74, 25.6, 0],
		[231, "U8_6", 3325, 3180, "T", "DIP", "$1N43", "", "C", 74, 74, 25.6, 0],
		[232, "U8_6", 3325, 3180, "B", "DIP", "$1N43", "", "C", 74, 74, 25.6, 0],
		[233, "U8_7", 3225, 3180, "T", "DIP", "$1N21", "", "C", 74, 74, 25.6, 0],
		[234, "U8_7", 3225, 3180, "B", "DIP", "$1N21", "", "C", 74, 74, 25.6, 0],
		[235, "U8_8", 3125, 3180, "T", "DIP", "$1N6", "", "C", 74, 74, 25.6, 0],
		[236, "U8_8", 3125, 3180, "B", "DIP", "$1N6", "", "C", 74, 74, 25.6, 0],
		[237, "U8_9", 3025, 3180, "T", "DIP", "$1N47", "", "C", 74, 74, 25.6, 0],
		[238, "U8_9", 3025, 3180, "B", "DIP", "$1N47", "", "C", 74, 74, 25.6, 0],
		[239, "U8_10", 2925, 3180, "T", "DIP", "$1N48", "", "C", 74, 74, 25.6, 0],
		[240, "U8_10", 2925, 3180, "B", "DIP", "$1N48", "", "C", 74, 74, 25.6, 0]
	]
}
}